Years_relevant,Capacity,URL
1992.0,80290,https://en.wikipedia.org/wiki/Bills_Stadium
1993.0,80290,https://en.wikipedia.org/wiki/Bills_Stadium
1994.0,80290,https://en.wikipedia.org/wiki/Bills_Stadium
1995.0,80024,https://en.wikipedia.org/wiki/Bills_Stadium
1996.0,80024,https://en.wikipedia.org/wiki/Bills_Stadium
1997.0,80024,https://en.wikipedia.org/wiki/Bills_Stadium
1998.0,80024,https://en.wikipedia.org/wiki/Bills_Stadium
1999.0,75339,https://en.wikipedia.org/wiki/Bills_Stadium
2000.0,75339,https://en.wikipedia.org/wiki/Bills_Stadium
2001.0,73967,https://en.wikipedia.org/wiki/Bills_Stadium
2002.0,73967,https://en.wikipedia.org/wiki/Bills_Stadium
2003.0,73967,https://en.wikipedia.org/wiki/Bills_Stadium
2004.0,73967,https://en.wikipedia.org/wiki/Bills_Stadium
2005.0,73967,https://en.wikipedia.org/wiki/Bills_Stadium
2006.0,73967,https://en.wikipedia.org/wiki/Bills_Stadium
2007.0,73967,https://en.wikipedia.org/wiki/Bills_Stadium
2008.0,73079,https://en.wikipedia.org/wiki/Bills_Stadium
2009.0,73079,https://en.wikipedia.org/wiki/Bills_Stadium
2010.0,73079,https://en.wikipedia.org/wiki/Bills_Stadium
2011.0,73079,https://en.wikipedia.org/wiki/Bills_Stadium
2012.0,73079,https://en.wikipedia.org/wiki/Bills_Stadium
2013.0,73079,https://en.wikipedia.org/wiki/Bills_Stadium
2014.0,71857,https://en.wikipedia.org/wiki/Bills_Stadium
2015.0,71870,https://en.wikipedia.org/wiki/Bills_Stadium
2016.0,71608,https://en.wikipedia.org/wiki/Bills_Stadium
2017.0,71608,https://en.wikipedia.org/wiki/Bills_Stadium
2018.0,71608,https://en.wikipedia.org/wiki/Bills_Stadium
2019.0,71608,https://en.wikipedia.org/wiki/Bills_Stadium
2020.0,71608,https://en.wikipedia.org/wiki/Bills_Stadium
1992.0,73000,https://en.wikipedia.org/wiki/Hard_Rock_Stadium
1993.0,74916,https://en.wikipedia.org/wiki/Hard_Rock_Stadium
1994.0,74916,https://en.wikipedia.org/wiki/Hard_Rock_Stadium
1995.0,74916,https://en.wikipedia.org/wiki/Hard_Rock_Stadium
1996.0,74916,https://en.wikipedia.org/wiki/Hard_Rock_Stadium
1997.0,74916,https://en.wikipedia.org/wiki/Hard_Rock_Stadium
1998.0,75192,https://en.wikipedia.org/wiki/Hard_Rock_Stadium
1999.0,75192,https://en.wikipedia.org/wiki/Hard_Rock_Stadium
2000.0,75192,https://en.wikipedia.org/wiki/Hard_Rock_Stadium
2001.0,75540,https://en.wikipedia.org/wiki/Hard_Rock_Stadium
2002.0,75540,https://en.wikipedia.org/wiki/Hard_Rock_Stadium
2003.0,75540,https://en.wikipedia.org/wiki/Hard_Rock_Stadium
2004.0,75540,https://en.wikipedia.org/wiki/Hard_Rock_Stadium
2005.0,75540,https://en.wikipedia.org/wiki/Hard_Rock_Stadium
2006.0,75540,https://en.wikipedia.org/wiki/Hard_Rock_Stadium
2007.0,75540,https://en.wikipedia.org/wiki/Hard_Rock_Stadium
2008.0,75540,https://en.wikipedia.org/wiki/Hard_Rock_Stadium
2009.0,75540,https://en.wikipedia.org/wiki/Hard_Rock_Stadium
2010.0,75540,https://en.wikipedia.org/wiki/Hard_Rock_Stadium
2011.0,75540,https://en.wikipedia.org/wiki/Hard_Rock_Stadium
2012.0,75540,https://en.wikipedia.org/wiki/Hard_Rock_Stadium
2013.0,75540,https://en.wikipedia.org/wiki/Hard_Rock_Stadium
2014.0,75540,https://en.wikipedia.org/wiki/Hard_Rock_Stadium
2015.0,64767,https://en.wikipedia.org/wiki/Hard_Rock_Stadium
2016.0,64767,https://en.wikipedia.org/wiki/Hard_Rock_Stadium
2017.0,64767,https://en.wikipedia.org/wiki/Hard_Rock_Stadium
2018.0,64767,https://en.wikipedia.org/wiki/Hard_Rock_Stadium
2019.0,64767,https://en.wikipedia.org/wiki/Hard_Rock_Stadium
2020.0,64767,https://en.wikipedia.org/wiki/Hard_Rock_Stadium
1992.0,60794,https://en.wikipedia.org/wiki/Foxboro_Stadium
1993.0,60794,https://en.wikipedia.org/wiki/Foxboro_Stadium
1994.0,60794,https://en.wikipedia.org/wiki/Foxboro_Stadium
1995.0,60292,https://en.wikipedia.org/wiki/Foxboro_Stadium
1996.0,60292,https://en.wikipedia.org/wiki/Foxboro_Stadium
1997.0,60292,https://en.wikipedia.org/wiki/Foxboro_Stadium
1998.0,60292,https://en.wikipedia.org/wiki/Foxboro_Stadium
1999.0,60292,https://en.wikipedia.org/wiki/Foxboro_Stadium
2000.0,60292,https://en.wikipedia.org/wiki/Foxboro_Stadium
2001.0,60292,https://en.wikipedia.org/wiki/Foxboro_Stadium
2002.0,60292,https://en.wikipedia.org/wiki/Foxboro_Stadium
1992.0,77311,https://en.wikipedia.org/wiki/Giants_Stadium
1993.0,77311,https://en.wikipedia.org/wiki/Giants_Stadium
1994.0,77121,https://en.wikipedia.org/wiki/Giants_Stadium
1995.0,78148,https://en.wikipedia.org/wiki/Giants_Stadium
1996.0,78148,https://en.wikipedia.org/wiki/Giants_Stadium
1997.0,78148,https://en.wikipedia.org/wiki/Giants_Stadium
1998.0,78148,https://en.wikipedia.org/wiki/Giants_Stadium
1999.0,79469,https://en.wikipedia.org/wiki/Giants_Stadium
2000.0,79469,https://en.wikipedia.org/wiki/Giants_Stadium
2001.0,79469,https://en.wikipedia.org/wiki/Giants_Stadium
2002.0,80242,https://en.wikipedia.org/wiki/Giants_Stadium
2003.0,80242,https://en.wikipedia.org/wiki/Giants_Stadium
2004.0,80242,https://en.wikipedia.org/wiki/Giants_Stadium
2005.0,80242,https://en.wikipedia.org/wiki/Giants_Stadium
2006.0,80242,https://en.wikipedia.org/wiki/Giants_Stadium
2007.0,80242,https://en.wikipedia.org/wiki/Giants_Stadium
2008.0,80242,https://en.wikipedia.org/wiki/Giants_Stadium
2009.0,80242,https://en.wikipedia.org/wiki/Giants_Stadium
2010.0,80242,https://en.wikipedia.org/wiki/Giants_Stadium
1992.0,60586,https://en.wikipedia.org/wiki/Memorial_Stadium_(Baltimore)
1993.0,60586,https://en.wikipedia.org/wiki/Memorial_Stadium_(Baltimore)
1994.0,60586,https://en.wikipedia.org/wiki/Memorial_Stadium_(Baltimore)
1995.0,60586,https://en.wikipedia.org/wiki/Memorial_Stadium_(Baltimore)
1996.0,65248,https://en.wikipedia.org/wiki/Memorial_Stadium_(Baltimore)
1997.0,65248,https://en.wikipedia.org/wiki/Memorial_Stadium_(Baltimore)
1992.0,60389,https://en.wikipedia.org/wiki/Cinergy_Field
1993.0,60389,https://en.wikipedia.org/wiki/Cinergy_Field
1994.0,60389,https://en.wikipedia.org/wiki/Cinergy_Field
1995.0,60389,https://en.wikipedia.org/wiki/Cinergy_Field
1996.0,60389,https://en.wikipedia.org/wiki/Cinergy_Field
1997.0,60389,https://en.wikipedia.org/wiki/Cinergy_Field
1998.0,60389,https://en.wikipedia.org/wiki/Cinergy_Field
1999.0,60389,https://en.wikipedia.org/wiki/Cinergy_Field
1992.0,78512,https://en.wikipedia.org/wiki/Cleveland_Stadium
1993.0,78512,https://en.wikipedia.org/wiki/Cleveland_Stadium
1994.0,78512,https://en.wikipedia.org/wiki/Cleveland_Stadium
1995.0,78512,https://en.wikipedia.org/wiki/Cleveland_Stadium
1992.0,59600,https://en.wikipedia.org/wiki/Three_Rivers_Stadium
1993.0,59600,https://en.wikipedia.org/wiki/Three_Rivers_Stadium
1994.0,59600,https://en.wikipedia.org/wiki/Three_Rivers_Stadium
1995.0,59600,https://en.wikipedia.org/wiki/Three_Rivers_Stadium
1996.0,59600,https://en.wikipedia.org/wiki/Three_Rivers_Stadium
1997.0,59600,https://en.wikipedia.org/wiki/Three_Rivers_Stadium
1998.0,59600,https://en.wikipedia.org/wiki/Three_Rivers_Stadium
1999.0,59600,https://en.wikipedia.org/wiki/Three_Rivers_Stadium
2000.0,59600,https://en.wikipedia.org/wiki/Three_Rivers_Stadium
1995.0,73000,https://en.wikipedia.org/wiki/TIAA_Bank_Field
1996.0,73000,https://en.wikipedia.org/wiki/TIAA_Bank_Field
1997.0,73000,https://en.wikipedia.org/wiki/TIAA_Bank_Field
1998.0,73000,https://en.wikipedia.org/wiki/TIAA_Bank_Field
1999.0,73000,https://en.wikipedia.org/wiki/TIAA_Bank_Field
2000.0,73000,https://en.wikipedia.org/wiki/TIAA_Bank_Field
2001.0,73000,https://en.wikipedia.org/wiki/TIAA_Bank_Field
2003.0,76877,https://en.wikipedia.org/wiki/TIAA_Bank_Field
2004.0,76877,https://en.wikipedia.org/wiki/TIAA_Bank_Field
2005.0,67164,https://en.wikipedia.org/wiki/TIAA_Bank_Field
2006.0,67164,https://en.wikipedia.org/wiki/TIAA_Bank_Field
2007.0,67164,https://en.wikipedia.org/wiki/TIAA_Bank_Field
2008.0,67164,https://en.wikipedia.org/wiki/TIAA_Bank_Field
2009.0,67164,https://en.wikipedia.org/wiki/TIAA_Bank_Field
2010.0,67246,https://en.wikipedia.org/wiki/TIAA_Bank_Field
2011.0,67246,https://en.wikipedia.org/wiki/TIAA_Bank_Field
2012.0,67246,https://en.wikipedia.org/wiki/TIAA_Bank_Field
2013.0,67246,https://en.wikipedia.org/wiki/TIAA_Bank_Field
2014.0,67297,https://en.wikipedia.org/wiki/TIAA_Bank_Field
2015.0,66851,https://en.wikipedia.org/wiki/TIAA_Bank_Field
2016.0,64428,https://en.wikipedia.org/wiki/TIAA_Bank_Field
2017.0,64428,https://en.wikipedia.org/wiki/TIAA_Bank_Field
2018.0,67814,https://en.wikipedia.org/wiki/TIAA_Bank_Field
2019.0,67814,https://en.wikipedia.org/wiki/TIAA_Bank_Field
2020.0,67814,https://en.wikipedia.org/wiki/TIAA_Bank_Field
1992.0,62021,https://en.wikipedia.org/wiki/Reliant_Astrodome
1993.0,62021,https://en.wikipedia.org/wiki/Reliant_Astrodome
1994.0,62021,https://en.wikipedia.org/wiki/Reliant_Astrodome
1995.0,59969,https://en.wikipedia.org/wiki/Reliant_Astrodome
1996.0,59969,https://en.wikipedia.org/wiki/Reliant_Astrodome
1997.0,59969,https://en.wikipedia.org/wiki/Reliant_Astrodome
1998.0,59969,https://en.wikipedia.org/wiki/Reliant_Astrodome
1999.0,59969,https://en.wikipedia.org/wiki/Reliant_Astrodome
2000.0,59969,https://en.wikipedia.org/wiki/Reliant_Astrodome
2001.0,59969,https://en.wikipedia.org/wiki/Reliant_Astrodome
1992.0,54444,https://en.wikipedia.org/wiki/RingCentral_Coliseum
1993.0,54444,https://en.wikipedia.org/wiki/RingCentral_Coliseum
1994.0,54444,https://en.wikipedia.org/wiki/RingCentral_Coliseum
1995.0,54444,https://en.wikipedia.org/wiki/RingCentral_Coliseum
1996.0,63026,https://en.wikipedia.org/wiki/RingCentral_Coliseum
1997.0,63026,https://en.wikipedia.org/wiki/RingCentral_Coliseum
1998.0,63026,https://en.wikipedia.org/wiki/RingCentral_Coliseum
1999.0,63132,https://en.wikipedia.org/wiki/RingCentral_Coliseum
2000.0,63132,https://en.wikipedia.org/wiki/RingCentral_Coliseum
2001.0,63132,https://en.wikipedia.org/wiki/RingCentral_Coliseum
2002.0,63132,https://en.wikipedia.org/wiki/RingCentral_Coliseum
2003.0,63132,https://en.wikipedia.org/wiki/RingCentral_Coliseum
2004.0,63132,https://en.wikipedia.org/wiki/RingCentral_Coliseum
2005.0,63132,https://en.wikipedia.org/wiki/RingCentral_Coliseum
2006.0,63132,https://en.wikipedia.org/wiki/RingCentral_Coliseum
2007.0,63132,https://en.wikipedia.org/wiki/RingCentral_Coliseum
2008.0,63132,https://en.wikipedia.org/wiki/RingCentral_Coliseum
2009.0,63132,https://en.wikipedia.org/wiki/RingCentral_Coliseum
2010.0,63132,https://en.wikipedia.org/wiki/RingCentral_Coliseum
2011.0,63132,https://en.wikipedia.org/wiki/RingCentral_Coliseum
2012.0,63132,https://en.wikipedia.org/wiki/RingCentral_Coliseum
2013.0,53286,https://en.wikipedia.org/wiki/RingCentral_Coliseum
2014.0,56057,https://en.wikipedia.org/wiki/RingCentral_Coliseum
2015.0,56057,https://en.wikipedia.org/wiki/RingCentral_Coliseum
2016.0,56057,https://en.wikipedia.org/wiki/RingCentral_Coliseum
2017.0,56057,https://en.wikipedia.org/wiki/RingCentral_Coliseum
2018.0,56057,https://en.wikipedia.org/wiki/RingCentral_Coliseum
2019.0,56057,https://en.wikipedia.org/wiki/RingCentral_Coliseum
1992.0,92516,https://en.wikipedia.org/wiki/Los_Angeles_Memorial_Coliseum
1993.0,92516,https://en.wikipedia.org/wiki/Los_Angeles_Memorial_Coliseum
1994.0,92516,https://en.wikipedia.org/wiki/Los_Angeles_Memorial_Coliseum
1995.0,92516,https://en.wikipedia.org/wiki/Los_Angeles_Memorial_Coliseum
1996.0,92000,https://en.wikipedia.org/wiki/Los_Angeles_Memorial_Coliseum
1997.0,92000,https://en.wikipedia.org/wiki/Los_Angeles_Memorial_Coliseum
1998.0,92000,https://en.wikipedia.org/wiki/Los_Angeles_Memorial_Coliseum
1999.0,92000,https://en.wikipedia.org/wiki/Los_Angeles_Memorial_Coliseum
2000.0,92000,https://en.wikipedia.org/wiki/Los_Angeles_Memorial_Coliseum
2001.0,92000,https://en.wikipedia.org/wiki/Los_Angeles_Memorial_Coliseum
2002.0,92000,https://en.wikipedia.org/wiki/Los_Angeles_Memorial_Coliseum
2003.0,92000,https://en.wikipedia.org/wiki/Los_Angeles_Memorial_Coliseum
2004.0,92000,https://en.wikipedia.org/wiki/Los_Angeles_Memorial_Coliseum
2005.0,92000,https://en.wikipedia.org/wiki/Los_Angeles_Memorial_Coliseum
2006.0,92000,https://en.wikipedia.org/wiki/Los_Angeles_Memorial_Coliseum
2007.0,92000,https://en.wikipedia.org/wiki/Los_Angeles_Memorial_Coliseum
2008.0,93607,https://en.wikipedia.org/wiki/Los_Angeles_Memorial_Coliseum
2009.0,93607,https://en.wikipedia.org/wiki/Los_Angeles_Memorial_Coliseum
2010.0,93607,https://en.wikipedia.org/wiki/Los_Angeles_Memorial_Coliseum
2011.0,93607,https://en.wikipedia.org/wiki/Los_Angeles_Memorial_Coliseum
2012.0,93607,https://en.wikipedia.org/wiki/Los_Angeles_Memorial_Coliseum
2013.0,93607,https://en.wikipedia.org/wiki/Los_Angeles_Memorial_Coliseum
2014.0,93607,https://en.wikipedia.org/wiki/Los_Angeles_Memorial_Coliseum
2015.0,93607,https://en.wikipedia.org/wiki/Los_Angeles_Memorial_Coliseum
2016.0,93607,https://en.wikipedia.org/wiki/Los_Angeles_Memorial_Coliseum
2017.0,93607,https://en.wikipedia.org/wiki/Los_Angeles_Memorial_Coliseum
2018.0,78500,https://en.wikipedia.org/wiki/Los_Angeles_Memorial_Coliseum
2019.0,77500,https://en.wikipedia.org/wiki/Los_Angeles_Memorial_Coliseum
2020.0,77500,https://en.wikipedia.org/wiki/Los_Angeles_Memorial_Coliseum
1992.0,60836,https://en.wikipedia.org/wiki/SDCCU_Stadium
1993.0,60836,https://en.wikipedia.org/wiki/SDCCU_Stadium
1994.0,60836,https://en.wikipedia.org/wiki/SDCCU_Stadium
1995.0,60836,https://en.wikipedia.org/wiki/SDCCU_Stadium
1996.0,60836,https://en.wikipedia.org/wiki/SDCCU_Stadium
1997.0,71350,https://en.wikipedia.org/wiki/SDCCU_Stadium
1998.0,71350,https://en.wikipedia.org/wiki/SDCCU_Stadium
1999.0,70561,https://en.wikipedia.org/wiki/SDCCU_Stadium
2000.0,70561,https://en.wikipedia.org/wiki/SDCCU_Stadium
2001.0,70561,https://en.wikipedia.org/wiki/SDCCU_Stadium
2002.0,70561,https://en.wikipedia.org/wiki/SDCCU_Stadium
2003.0,70561,https://en.wikipedia.org/wiki/SDCCU_Stadium
2004.0,70561,https://en.wikipedia.org/wiki/SDCCU_Stadium
2005.0,70561,https://en.wikipedia.org/wiki/SDCCU_Stadium
2006.0,70561,https://en.wikipedia.org/wiki/SDCCU_Stadium
2007.0,70561,https://en.wikipedia.org/wiki/SDCCU_Stadium
2008.0,70561,https://en.wikipedia.org/wiki/SDCCU_Stadium
2009.0,70561,https://en.wikipedia.org/wiki/SDCCU_Stadium
2010.0,70561,https://en.wikipedia.org/wiki/SDCCU_Stadium
2011.0,70561,https://en.wikipedia.org/wiki/SDCCU_Stadium
2012.0,70561,https://en.wikipedia.org/wiki/SDCCU_Stadium
2013.0,70561,https://en.wikipedia.org/wiki/SDCCU_Stadium
2014.0,70561,https://en.wikipedia.org/wiki/SDCCU_Stadium
2015.0,70561,https://en.wikipedia.org/wiki/SDCCU_Stadium
2016.0,70561,https://en.wikipedia.org/wiki/SDCCU_Stadium
2017.0,70561,https://en.wikipedia.org/wiki/SDCCU_Stadium
1992.0,65024,https://en.wikipedia.org/wiki/Texas_Stadium
1993.0,65024,https://en.wikipedia.org/wiki/Texas_Stadium
1994.0,65024,https://en.wikipedia.org/wiki/Texas_Stadium
1995.0,65812,https://en.wikipedia.org/wiki/Texas_Stadium
1996.0,65812,https://en.wikipedia.org/wiki/Texas_Stadium
1997.0,65675,https://en.wikipedia.org/wiki/Texas_Stadium
1998.0,65675,https://en.wikipedia.org/wiki/Texas_Stadium
1999.0,65675,https://en.wikipedia.org/wiki/Texas_Stadium
2000.0,65675,https://en.wikipedia.org/wiki/Texas_Stadium
2001.0,65639,https://en.wikipedia.org/wiki/Texas_Stadium
2002.0,65639,https://en.wikipedia.org/wiki/Texas_Stadium
2003.0,65529,https://en.wikipedia.org/wiki/Texas_Stadium
2004.0,65529,https://en.wikipedia.org/wiki/Texas_Stadium
2005.0,65529,https://en.wikipedia.org/wiki/Texas_Stadium
2006.0,65529,https://en.wikipedia.org/wiki/Texas_Stadium
2007.0,65529,https://en.wikipedia.org/wiki/Texas_Stadium
2008.0,65529,https://en.wikipedia.org/wiki/Texas_Stadium
1992.0,65178,https://en.wikipedia.org/wiki/Veterans_Stadium
1993.0,65178,https://en.wikipedia.org/wiki/Veterans_Stadium
1994.0,64241,https://en.wikipedia.org/wiki/Veterans_Stadium
1995.0,64899,https://en.wikipedia.org/wiki/Veterans_Stadium
1996.0,64899,https://en.wikipedia.org/wiki/Veterans_Stadium
1997.0,65352,https://en.wikipedia.org/wiki/Veterans_Stadium
1998.0,65352,https://en.wikipedia.org/wiki/Veterans_Stadium
1999.0,65352,https://en.wikipedia.org/wiki/Veterans_Stadium
2000.0,65352,https://en.wikipedia.org/wiki/Veterans_Stadium
2001.0,65352,https://en.wikipedia.org/wiki/Veterans_Stadium
2002.0,65352,https://en.wikipedia.org/wiki/Veterans_Stadium
2003.0,65352,https://en.wikipedia.org/wiki/Veterans_Stadium
1992.0,56454,https://en.wikipedia.org/wiki/Robert_F._Kennedy_Memorial_Stadium
1993.0,56454,https://en.wikipedia.org/wiki/Robert_F._Kennedy_Memorial_Stadium
1994.0,56454,https://en.wikipedia.org/wiki/Robert_F._Kennedy_Memorial_Stadium
1995.0,56454,https://en.wikipedia.org/wiki/Robert_F._Kennedy_Memorial_Stadium
1996.0,56454,https://en.wikipedia.org/wiki/Robert_F._Kennedy_Memorial_Stadium
1997.0,56454,https://en.wikipedia.org/wiki/Robert_F._Kennedy_Memorial_Stadium
1998.0,56454,https://en.wikipedia.org/wiki/Robert_F._Kennedy_Memorial_Stadium
1999.0,56454,https://en.wikipedia.org/wiki/Robert_F._Kennedy_Memorial_Stadium
2000.0,56454,https://en.wikipedia.org/wiki/Robert_F._Kennedy_Memorial_Stadium
2001.0,56454,https://en.wikipedia.org/wiki/Robert_F._Kennedy_Memorial_Stadium
2002.0,56454,https://en.wikipedia.org/wiki/Robert_F._Kennedy_Memorial_Stadium
2003.0,56454,https://en.wikipedia.org/wiki/Robert_F._Kennedy_Memorial_Stadium
2004.0,56454,https://en.wikipedia.org/wiki/Robert_F._Kennedy_Memorial_Stadium
1992.0,59543,https://en.wikipedia.org/wiki/Lambeau_Field
1993.0,59543,https://en.wikipedia.org/wiki/Lambeau_Field
1994.0,59543,https://en.wikipedia.org/wiki/Lambeau_Field
1995.0,60890,https://en.wikipedia.org/wiki/Lambeau_Field
1996.0,60890,https://en.wikipedia.org/wiki/Lambeau_Field
1997.0,60890,https://en.wikipedia.org/wiki/Lambeau_Field
1998.0,60890,https://en.wikipedia.org/wiki/Lambeau_Field
1999.0,60890,https://en.wikipedia.org/wiki/Lambeau_Field
2000.0,60890,https://en.wikipedia.org/wiki/Lambeau_Field
2001.0,60890,https://en.wikipedia.org/wiki/Lambeau_Field
2002.0,66110,https://en.wikipedia.org/wiki/Lambeau_Field
2003.0,72515,https://en.wikipedia.org/wiki/Lambeau_Field
2004.0,72569,https://en.wikipedia.org/wiki/Lambeau_Field
2005.0,72601,https://en.wikipedia.org/wiki/Lambeau_Field
2006.0,72922,https://en.wikipedia.org/wiki/Lambeau_Field
2007.0,72928,https://en.wikipedia.org/wiki/Lambeau_Field
2008.0,72928,https://en.wikipedia.org/wiki/Lambeau_Field
2009.0,72928,https://en.wikipedia.org/wiki/Lambeau_Field
2010.0,72928,https://en.wikipedia.org/wiki/Lambeau_Field
2012.0,73094,https://en.wikipedia.org/wiki/Lambeau_Field
2013.0,80750,https://en.wikipedia.org/wiki/Lambeau_Field
2015.0,81435,https://en.wikipedia.org/wiki/Lambeau_Field
2016.0,81435,https://en.wikipedia.org/wiki/Lambeau_Field
2017.0,81441,https://en.wikipedia.org/wiki/Lambeau_Field
2018.0,81441,https://en.wikipedia.org/wiki/Lambeau_Field
2019.0,81441,https://en.wikipedia.org/wiki/Lambeau_Field
2020.0,81441,https://en.wikipedia.org/wiki/Lambeau_Field
1992.0,63669,https://en.wikipedia.org/wiki/Hubert_H._Humphrey_Metrodome
1993.0,63669,https://en.wikipedia.org/wiki/Hubert_H._Humphrey_Metrodome
1994.0,63669,https://en.wikipedia.org/wiki/Hubert_H._Humphrey_Metrodome
1995.0,64035,https://en.wikipedia.org/wiki/Hubert_H._Humphrey_Metrodome
1996.0,64035,https://en.wikipedia.org/wiki/Hubert_H._Humphrey_Metrodome
1997.0,64153,https://en.wikipedia.org/wiki/Hubert_H._Humphrey_Metrodome
1998.0,64153,https://en.wikipedia.org/wiki/Hubert_H._Humphrey_Metrodome
1999.0,64153,https://en.wikipedia.org/wiki/Hubert_H._Humphrey_Metrodome
2000.0,64121,https://en.wikipedia.org/wiki/Hubert_H._Humphrey_Metrodome
2001.0,64121,https://en.wikipedia.org/wiki/Hubert_H._Humphrey_Metrodome
2002.0,64121,https://en.wikipedia.org/wiki/Hubert_H._Humphrey_Metrodome
2003.0,64121,https://en.wikipedia.org/wiki/Hubert_H._Humphrey_Metrodome
2004.0,64121,https://en.wikipedia.org/wiki/Hubert_H._Humphrey_Metrodome
2005.0,64121,https://en.wikipedia.org/wiki/Hubert_H._Humphrey_Metrodome
2006.0,64121,https://en.wikipedia.org/wiki/Hubert_H._Humphrey_Metrodome
2007.0,64121,https://en.wikipedia.org/wiki/Hubert_H._Humphrey_Metrodome
2008.0,64121,https://en.wikipedia.org/wiki/Hubert_H._Humphrey_Metrodome
2009.0,64121,https://en.wikipedia.org/wiki/Hubert_H._Humphrey_Metrodome
2010.0,64121,https://en.wikipedia.org/wiki/Hubert_H._Humphrey_Metrodome
2011.0,64121,https://en.wikipedia.org/wiki/Hubert_H._Humphrey_Metrodome
2012.0,64121,https://en.wikipedia.org/wiki/Hubert_H._Humphrey_Metrodome
2013.0,64121,https://en.wikipedia.org/wiki/Hubert_H._Humphrey_Metrodome
1992.0,69065,https://en.wikipedia.org/wiki/Mercedes-Benz_Superdome
1993.0,69065,https://en.wikipedia.org/wiki/Mercedes-Benz_Superdome
1994.0,69065,https://en.wikipedia.org/wiki/Mercedes-Benz_Superdome
1995.0,70852,https://en.wikipedia.org/wiki/Mercedes-Benz_Superdome
1996.0,64992,https://en.wikipedia.org/wiki/Mercedes-Benz_Superdome
1997.0,69420,https://en.wikipedia.org/wiki/Mercedes-Benz_Superdome
1998.0,69028,https://en.wikipedia.org/wiki/Mercedes-Benz_Superdome
1999.0,70054,https://en.wikipedia.org/wiki/Mercedes-Benz_Superdome
2000.0,64900,https://en.wikipedia.org/wiki/Mercedes-Benz_Superdome
2001.0,70020,https://en.wikipedia.org/wiki/Mercedes-Benz_Superdome
2002.0,68500,https://en.wikipedia.org/wiki/Mercedes-Benz_Superdome
2003.0,68500,https://en.wikipedia.org/wiki/Mercedes-Benz_Superdome
2004.0,64900,https://en.wikipedia.org/wiki/Mercedes-Benz_Superdome
2005.0,64900,https://en.wikipedia.org/wiki/Mercedes-Benz_Superdome
2006.0,68354,https://en.wikipedia.org/wiki/Mercedes-Benz_Superdome
2007.0,72968,https://en.wikipedia.org/wiki/Mercedes-Benz_Superdome
2008.0,72968,https://en.wikipedia.org/wiki/Mercedes-Benz_Superdome
2009.0,72968,https://en.wikipedia.org/wiki/Mercedes-Benz_Superdome
2010.0,72968,https://en.wikipedia.org/wiki/Mercedes-Benz_Superdome
2011.0,76468,https://en.wikipedia.org/wiki/Mercedes-Benz_Superdome
2012.0,76468,https://en.wikipedia.org/wiki/Mercedes-Benz_Superdome
2013.0,76468,https://en.wikipedia.org/wiki/Mercedes-Benz_Superdome
2014.0,76468,https://en.wikipedia.org/wiki/Mercedes-Benz_Superdome
2015.0,76468,https://en.wikipedia.org/wiki/Mercedes-Benz_Superdome
2016.0,76468,https://en.wikipedia.org/wiki/Mercedes-Benz_Superdome
2017.0,76468,https://en.wikipedia.org/wiki/Mercedes-Benz_Superdome
2018.0,76468,https://en.wikipedia.org/wiki/Mercedes-Benz_Superdome
2019.0,76468,https://en.wikipedia.org/wiki/Mercedes-Benz_Superdome
2020.0,76468,https://en.wikipedia.org/wiki/Mercedes-Benz_Superdome
1992.0,54692,https://en.wikipedia.org/wiki/Busch_Memorial_Stadium
1993.0,54692,https://en.wikipedia.org/wiki/Busch_Memorial_Stadium
1994.0,54692,https://en.wikipedia.org/wiki/Busch_Memorial_Stadium
1995.0,60000,https://en.wikipedia.org/wiki/Busch_Memorial_Stadium
1992.0,69008,https://en.wikipedia.org/wiki/Anaheim_Stadium
1993.0,69008,https://en.wikipedia.org/wiki/Anaheim_Stadium
1994.0,69008,https://en.wikipedia.org/wiki/Anaheim_Stadium
1992.0,66513,https://en.wikipedia.org/wiki/Candlestick_Park
1993.0,66513,https://en.wikipedia.org/wiki/Candlestick_Park
1994.0,66513,https://en.wikipedia.org/wiki/Candlestick_Park
1995.0,70207,https://en.wikipedia.org/wiki/Candlestick_Park
1996.0,70207,https://en.wikipedia.org/wiki/Candlestick_Park
1997.0,70207,https://en.wikipedia.org/wiki/Candlestick_Park
1998.0,70140,https://en.wikipedia.org/wiki/Candlestick_Park
1999.0,70140,https://en.wikipedia.org/wiki/Candlestick_Park
2000.0,69732,https://en.wikipedia.org/wiki/Candlestick_Park
2001.0,69732,https://en.wikipedia.org/wiki/Candlestick_Park
2002.0,69732,https://en.wikipedia.org/wiki/Candlestick_Park
2003.0,69732,https://en.wikipedia.org/wiki/Candlestick_Park
2004.0,69732,https://en.wikipedia.org/wiki/Candlestick_Park
2005.0,69732,https://en.wikipedia.org/wiki/Candlestick_Park
2006.0,69732,https://en.wikipedia.org/wiki/Candlestick_Park
2007.0,69732,https://en.wikipedia.org/wiki/Candlestick_Park
2008.0,69732,https://en.wikipedia.org/wiki/Candlestick_Park
2009.0,69732,https://en.wikipedia.org/wiki/Candlestick_Park
2010.0,69732,https://en.wikipedia.org/wiki/Candlestick_Park
2011.0,69732,https://en.wikipedia.org/wiki/Candlestick_Park
2012.0,69732,https://en.wikipedia.org/wiki/Candlestick_Park
2013.0,69732,https://en.wikipedia.org/wiki/Candlestick_Park
2014.0,69732,https://en.wikipedia.org/wiki/Candlestick_Park
1992.0,64984,https://en.wikipedia.org/wiki/Kingdome
1993.0,66400,https://en.wikipedia.org/wiki/Kingdome
1994.0,66400,https://en.wikipedia.org/wiki/Kingdome
1995.0,66400,https://en.wikipedia.org/wiki/Kingdome
1996.0,66400,https://en.wikipedia.org/wiki/Kingdome
1997.0,66400,https://en.wikipedia.org/wiki/Kingdome
1998.0,66400,https://en.wikipedia.org/wiki/Kingdome
1999.0,66400,https://en.wikipedia.org/wiki/Kingdome
2000.0,66400,https://en.wikipedia.org/wiki/Kingdome
2010.0,"76,416",https://en.wikipedia.org/wiki/Arrowhead_Stadium
2011.0,"76,416",https://en.wikipedia.org/wiki/Arrowhead_Stadium
2012.0,"76,416",https://en.wikipedia.org/wiki/Arrowhead_Stadium
2013.0,"76,416",https://en.wikipedia.org/wiki/Arrowhead_Stadium
2014.0,"76,416",https://en.wikipedia.org/wiki/Arrowhead_Stadium
2015.0,"76,416",https://en.wikipedia.org/wiki/Arrowhead_Stadium
2016.0,"76,416",https://en.wikipedia.org/wiki/Arrowhead_Stadium
2017.0,"76,416",https://en.wikipedia.org/wiki/Arrowhead_Stadium
2018.0,"76,416",https://en.wikipedia.org/wiki/Arrowhead_Stadium
2019.0,"76,416",https://en.wikipedia.org/wiki/Arrowhead_Stadium
2020.0,"76,416",https://en.wikipedia.org/wiki/Arrowhead_Stadium
1992.0,"78,097",https://en.wikipedia.org/wiki/Arrowhead_Stadium
1993.0,"78,097",https://en.wikipedia.org/wiki/Arrowhead_Stadium
1994.0,"78,097",https://en.wikipedia.org/wiki/Arrowhead_Stadium
1995.0,"79,101",https://en.wikipedia.org/wiki/Arrowhead_Stadium
1996.0,"79,101",https://en.wikipedia.org/wiki/Arrowhead_Stadium
1997.0,"79,451",https://en.wikipedia.org/wiki/Arrowhead_Stadium
1998.0,"79,451",https://en.wikipedia.org/wiki/Arrowhead_Stadium
1999.0,"79,451",https://en.wikipedia.org/wiki/Arrowhead_Stadium
2000.0,"79,451",https://en.wikipedia.org/wiki/Arrowhead_Stadium
2001.0,"79,451",https://en.wikipedia.org/wiki/Arrowhead_Stadium
2002.0,"79,451",https://en.wikipedia.org/wiki/Arrowhead_Stadium
2003.0,"79,451",https://en.wikipedia.org/wiki/Arrowhead_Stadium
2004.0,"79,451",https://en.wikipedia.org/wiki/Arrowhead_Stadium
2005.0,"79,451",https://en.wikipedia.org/wiki/Arrowhead_Stadium
2006.0,"79,451",https://en.wikipedia.org/wiki/Arrowhead_Stadium
2007.0,"79,451",https://en.wikipedia.org/wiki/Arrowhead_Stadium
2008.0,"79,451",https://en.wikipedia.org/wiki/Arrowhead_Stadium
2009.0,"79,451",https://en.wikipedia.org/wiki/Arrowhead_Stadium
1996.0,"72,685",https://en.wikipedia.org/wiki/Bank_of_America_Stadium
1997.0,"73,248",https://en.wikipedia.org/wiki/Bank_of_America_Stadium
1998.0,"73,250",https://en.wikipedia.org/wiki/Bank_of_America_Stadium
1999.0,"73,250",https://en.wikipedia.org/wiki/Bank_of_America_Stadium
2000.0,"73,250",https://en.wikipedia.org/wiki/Bank_of_America_Stadium
2001.0,"73,250",https://en.wikipedia.org/wiki/Bank_of_America_Stadium
2002.0,"73,250",https://en.wikipedia.org/wiki/Bank_of_America_Stadium
2003.0,"73,250",https://en.wikipedia.org/wiki/Bank_of_America_Stadium
2004.0,"73,250",https://en.wikipedia.org/wiki/Bank_of_America_Stadium
2005.0,"73,298",https://en.wikipedia.org/wiki/Bank_of_America_Stadium
2006.0,"73,298",https://en.wikipedia.org/wiki/Bank_of_America_Stadium
2007.0,"73,504",https://en.wikipedia.org/wiki/Bank_of_America_Stadium
2008.0,"73,778",https://en.wikipedia.org/wiki/Bank_of_America_Stadium
2009.0,"73,778",https://en.wikipedia.org/wiki/Bank_of_America_Stadium
2010.0,"73,778",https://en.wikipedia.org/wiki/Bank_of_America_Stadium
2011.0,"73,778",https://en.wikipedia.org/wiki/Bank_of_America_Stadium
2012.0,"73,778",https://en.wikipedia.org/wiki/Bank_of_America_Stadium
2013.0,"73,778",https://en.wikipedia.org/wiki/Bank_of_America_Stadium
2014.0,"74,455",https://en.wikipedia.org/wiki/Bank_of_America_Stadium
2015.0,"75,419",https://en.wikipedia.org/wiki/Bank_of_America_Stadium
2016.0,"75,419",https://en.wikipedia.org/wiki/Bank_of_America_Stadium
2017.0,"75,523",https://en.wikipedia.org/wiki/Bank_of_America_Stadium
2018.0,"75,523",https://en.wikipedia.org/wiki/Bank_of_America_Stadium
2019.0,"75,523",https://en.wikipedia.org/wiki/Bank_of_America_Stadium
2020.0,"75,523",https://en.wikipedia.org/wiki/Bank_of_America_Stadium
2012.0,"79,000",https://en.wikipedia.org/wiki/FedExField
2013.0,"79,000",https://en.wikipedia.org/wiki/FedExField
2014.0,"79,000",https://en.wikipedia.org/wiki/FedExField
1997.0,"80,116",https://en.wikipedia.org/wiki/FedExField
1998.0,"80,116",https://en.wikipedia.org/wiki/FedExField
1999.0,"80,116",https://en.wikipedia.org/wiki/FedExField
2015.0,"82,000",https://en.wikipedia.org/wiki/FedExField
2016.0,"82,000",https://en.wikipedia.org/wiki/FedExField
2017.0,"82,000",https://en.wikipedia.org/wiki/FedExField
2018.0,"82,000",https://en.wikipedia.org/wiki/FedExField
2019.0,"82,000",https://en.wikipedia.org/wiki/FedExField
2020.0,"82,000",https://en.wikipedia.org/wiki/FedExField
2011.0,"83,000",https://en.wikipedia.org/wiki/FedExField
2000.0,"85,407",https://en.wikipedia.org/wiki/FedExField
2001.0,"86,484",https://en.wikipedia.org/wiki/FedExField
2002.0,"86,484",https://en.wikipedia.org/wiki/FedExField
2003.0,"86,484",https://en.wikipedia.org/wiki/FedExField
2004.0,"91,665",https://en.wikipedia.org/wiki/FedExField
2005.0,"91,665",https://en.wikipedia.org/wiki/FedExField
2006.0,"91,665",https://en.wikipedia.org/wiki/FedExField
2007.0,"91,665",https://en.wikipedia.org/wiki/FedExField
2008.0,"91,665",https://en.wikipedia.org/wiki/FedExField
2009.0,"91,704",https://en.wikipedia.org/wiki/FedExField
2010.0,"91,704",https://en.wikipedia.org/wiki/FedExField
2015.0,"65,878",https://en.wikipedia.org/wiki/Gillette_Stadium
2016.0,"65,878",https://en.wikipedia.org/wiki/Gillette_Stadium
2017.0,"65,878",https://en.wikipedia.org/wiki/Gillette_Stadium
2018.0,"65,878",https://en.wikipedia.org/wiki/Gillette_Stadium
2019.0,"65,878",https://en.wikipedia.org/wiki/Gillette_Stadium
2020.0,"65,878",https://en.wikipedia.org/wiki/Gillette_Stadium
2002.0,"68,756",https://en.wikipedia.org/wiki/Gillette_Stadium
2003.0,"68,756",https://en.wikipedia.org/wiki/Gillette_Stadium
2004.0,"68,756",https://en.wikipedia.org/wiki/Gillette_Stadium
2005.0,"68,756",https://en.wikipedia.org/wiki/Gillette_Stadium
2006.0,"68,756",https://en.wikipedia.org/wiki/Gillette_Stadium
2007.0,"68,756",https://en.wikipedia.org/wiki/Gillette_Stadium
2008.0,"68,756",https://en.wikipedia.org/wiki/Gillette_Stadium
2009.0,"68,756",https://en.wikipedia.org/wiki/Gillette_Stadium
2010.0,"68,756",https://en.wikipedia.org/wiki/Gillette_Stadium
2011.0,"68,756",https://en.wikipedia.org/wiki/Gillette_Stadium
2012.0,"68,756",https://en.wikipedia.org/wiki/Gillette_Stadium
2013.0,"68,756",https://en.wikipedia.org/wiki/Gillette_Stadium
2014.0,"68,756",https://en.wikipedia.org/wiki/Gillette_Stadium
2001.0,"64,450",https://en.wikipedia.org/wiki/Heinz_Field
2002.0,"64,450",https://en.wikipedia.org/wiki/Heinz_Field
2003.0,"64,450",https://en.wikipedia.org/wiki/Heinz_Field
2004.0,"64,450",https://en.wikipedia.org/wiki/Heinz_Field
2005.0,"64,450",https://en.wikipedia.org/wiki/Heinz_Field
2006.0,"65,050",https://en.wikipedia.org/wiki/Heinz_Field
2007.0,"65,050",https://en.wikipedia.org/wiki/Heinz_Field
2008.0,"65,050",https://en.wikipedia.org/wiki/Heinz_Field
2009.0,"65,050",https://en.wikipedia.org/wiki/Heinz_Field
2010.0,"65,050",https://en.wikipedia.org/wiki/Heinz_Field
2011.0,"65,500",https://en.wikipedia.org/wiki/Heinz_Field
2012.0,"65,500",https://en.wikipedia.org/wiki/Heinz_Field
2013.0,"65,500",https://en.wikipedia.org/wiki/Heinz_Field
2014.0,"65,500",https://en.wikipedia.org/wiki/Heinz_Field
2015.0,"68,400",https://en.wikipedia.org/wiki/Heinz_Field
2016.0,"68,400",https://en.wikipedia.org/wiki/Heinz_Field
2017.0,"68,400",https://en.wikipedia.org/wiki/Heinz_Field
2018.0,"68,400",https://en.wikipedia.org/wiki/Heinz_Field
2019.0,"68,400",https://en.wikipedia.org/wiki/Heinz_Field
2020.0,"68,400",https://en.wikipedia.org/wiki/Heinz_Field
2014.0,"70,083",https://en.wikipedia.org/wiki/Husky_Stadium
2015.0,"70,083",https://en.wikipedia.org/wiki/Husky_Stadium
2016.0,"70,083",https://en.wikipedia.org/wiki/Husky_Stadium
2017.0,"70,083",https://en.wikipedia.org/wiki/Husky_Stadium
2018.0,"70,083",https://en.wikipedia.org/wiki/Husky_Stadium
2019.0,"70,083",https://en.wikipedia.org/wiki/Husky_Stadium
2020.0,"70,083",https://en.wikipedia.org/wiki/Husky_Stadium
2013.0,"70,138",https://en.wikipedia.org/wiki/Husky_Stadium
1992.0,"72,500",https://en.wikipedia.org/wiki/Husky_Stadium
1993.0,"72,500",https://en.wikipedia.org/wiki/Husky_Stadium
1994.0,"72,500",https://en.wikipedia.org/wiki/Husky_Stadium
1995.0,"72,500",https://en.wikipedia.org/wiki/Husky_Stadium
1996.0,"72,500",https://en.wikipedia.org/wiki/Husky_Stadium
1997.0,"72,500",https://en.wikipedia.org/wiki/Husky_Stadium
1998.0,"72,500",https://en.wikipedia.org/wiki/Husky_Stadium
1999.0,"72,500",https://en.wikipedia.org/wiki/Husky_Stadium
2000.0,"72,500",https://en.wikipedia.org/wiki/Husky_Stadium
2001.0,"72,500",https://en.wikipedia.org/wiki/Husky_Stadium
2002.0,"72,500",https://en.wikipedia.org/wiki/Husky_Stadium
2003.0,"72,500",https://en.wikipedia.org/wiki/Husky_Stadium
2004.0,"72,500",https://en.wikipedia.org/wiki/Husky_Stadium
2005.0,"72,500",https://en.wikipedia.org/wiki/Husky_Stadium
2006.0,"72,500",https://en.wikipedia.org/wiki/Husky_Stadium
2007.0,"72,500",https://en.wikipedia.org/wiki/Husky_Stadium
2008.0,"72,500",https://en.wikipedia.org/wiki/Husky_Stadium
2009.0,"72,500",https://en.wikipedia.org/wiki/Husky_Stadium
2010.0,"72,500",https://en.wikipedia.org/wiki/Husky_Stadium
2011.0,"72,500",https://en.wikipedia.org/wiki/Husky_Stadium
2016.0,"58,325",https://en.wikipedia.org/wiki/Liberty_Bowl_Memorial_Stadium
2017.0,"58,325",https://en.wikipedia.org/wiki/Liberty_Bowl_Memorial_Stadium
2018.0,"58,325",https://en.wikipedia.org/wiki/Liberty_Bowl_Memorial_Stadium
2019.0,"58,325",https://en.wikipedia.org/wiki/Liberty_Bowl_Memorial_Stadium
2020.0,"58,325",https://en.wikipedia.org/wiki/Liberty_Bowl_Memorial_Stadium
2013.0,"59,308",https://en.wikipedia.org/wiki/Liberty_Bowl_Memorial_Stadium
2014.0,"59,308",https://en.wikipedia.org/wiki/Liberty_Bowl_Memorial_Stadium
2015.0,"59,308",https://en.wikipedia.org/wiki/Liberty_Bowl_Memorial_Stadium
2007.0,"61,008",https://en.wikipedia.org/wiki/Liberty_Bowl_Memorial_Stadium
2008.0,"61,008",https://en.wikipedia.org/wiki/Liberty_Bowl_Memorial_Stadium
2009.0,"61,008",https://en.wikipedia.org/wiki/Liberty_Bowl_Memorial_Stadium
2010.0,"61,008",https://en.wikipedia.org/wiki/Liberty_Bowl_Memorial_Stadium
2011.0,"61,008",https://en.wikipedia.org/wiki/Liberty_Bowl_Memorial_Stadium
2012.0,"61,008",https://en.wikipedia.org/wiki/Liberty_Bowl_Memorial_Stadium
2003.0,"62,338",https://en.wikipedia.org/wiki/Liberty_Bowl_Memorial_Stadium
2004.0,"62,338",https://en.wikipedia.org/wiki/Liberty_Bowl_Memorial_Stadium
2005.0,"62,338",https://en.wikipedia.org/wiki/Liberty_Bowl_Memorial_Stadium
2006.0,"62,338",https://en.wikipedia.org/wiki/Liberty_Bowl_Memorial_Stadium
1992.0,"62,380",https://en.wikipedia.org/wiki/Liberty_Bowl_Memorial_Stadium
1993.0,"62,380",https://en.wikipedia.org/wiki/Liberty_Bowl_Memorial_Stadium
1994.0,"62,380",https://en.wikipedia.org/wiki/Liberty_Bowl_Memorial_Stadium
1995.0,"62,380",https://en.wikipedia.org/wiki/Liberty_Bowl_Memorial_Stadium
1996.0,"62,380",https://en.wikipedia.org/wiki/Liberty_Bowl_Memorial_Stadium
1997.0,"62,380",https://en.wikipedia.org/wiki/Liberty_Bowl_Memorial_Stadium
1998.0,"62,380",https://en.wikipedia.org/wiki/Liberty_Bowl_Memorial_Stadium
1999.0,"62,921",https://en.wikipedia.org/wiki/Liberty_Bowl_Memorial_Stadium
2000.0,"62,921",https://en.wikipedia.org/wiki/Liberty_Bowl_Memorial_Stadium
2001.0,"62,921",https://en.wikipedia.org/wiki/Liberty_Bowl_Memorial_Stadium
2002.0,"62,921",https://en.wikipedia.org/wiki/Liberty_Bowl_Memorial_Stadium
1998.0,"68,400",https://en.wikipedia.org/wiki/M%26T_Bank_Stadium
1999.0,"69,084",https://en.wikipedia.org/wiki/M%26T_Bank_Stadium
2000.0,"69,084",https://en.wikipedia.org/wiki/M%26T_Bank_Stadium
2001.0,"69,084",https://en.wikipedia.org/wiki/M%26T_Bank_Stadium
2002.0,"69,084",https://en.wikipedia.org/wiki/M%26T_Bank_Stadium
2003.0,"69,084",https://en.wikipedia.org/wiki/M%26T_Bank_Stadium
2004.0,"69,084",https://en.wikipedia.org/wiki/M%26T_Bank_Stadium
2005.0,"70,107",https://en.wikipedia.org/wiki/M%26T_Bank_Stadium
2006.0,"70,107",https://en.wikipedia.org/wiki/M%26T_Bank_Stadium
2007.0,"71,008",https://en.wikipedia.org/wiki/M%26T_Bank_Stadium
2008.0,"71,008",https://en.wikipedia.org/wiki/M%26T_Bank_Stadium
2009.0,"71,008",https://en.wikipedia.org/wiki/M%26T_Bank_Stadium
2010.0,"71,008",https://en.wikipedia.org/wiki/M%26T_Bank_Stadium
2011.0,"71,008",https://en.wikipedia.org/wiki/M%26T_Bank_Stadium
2012.0,"71,008",https://en.wikipedia.org/wiki/M%26T_Bank_Stadium
2013.0,"71,008",https://en.wikipedia.org/wiki/M%26T_Bank_Stadium
2014.0,"71,008",https://en.wikipedia.org/wiki/M%26T_Bank_Stadium
2015.0,"71,008",https://en.wikipedia.org/wiki/M%26T_Bank_Stadium
2016.0,"71,008",https://en.wikipedia.org/wiki/M%26T_Bank_Stadium
2017.0,"71,008",https://en.wikipedia.org/wiki/M%26T_Bank_Stadium
2018.0,"71,008",https://en.wikipedia.org/wiki/M%26T_Bank_Stadium
2019.0,"71,008",https://en.wikipedia.org/wiki/M%26T_Bank_Stadium
2020.0,"71,008",https://en.wikipedia.org/wiki/M%26T_Bank_Stadium
2007.0,"57,078",https://en.wikipedia.org/wiki/Memorial_Stadium_(Champaign)
2011.0,"60,670",https://en.wikipedia.org/wiki/Memorial_Stadium_(Champaign)
2012.0,"60,670",https://en.wikipedia.org/wiki/Memorial_Stadium_(Champaign)
2013.0,"60,670",https://en.wikipedia.org/wiki/Memorial_Stadium_(Champaign)
2014.0,"60,670",https://en.wikipedia.org/wiki/Memorial_Stadium_(Champaign)
2015.0,"60,670",https://en.wikipedia.org/wiki/Memorial_Stadium_(Champaign)
2016.0,"60,670",https://en.wikipedia.org/wiki/Memorial_Stadium_(Champaign)
2017.0,"60,670",https://en.wikipedia.org/wiki/Memorial_Stadium_(Champaign)
2018.0,"60,670",https://en.wikipedia.org/wiki/Memorial_Stadium_(Champaign)
2019.0,"60,670",https://en.wikipedia.org/wiki/Memorial_Stadium_(Champaign)
2020.0,"60,670",https://en.wikipedia.org/wiki/Memorial_Stadium_(Champaign)
2008.0,"62,870",https://en.wikipedia.org/wiki/Memorial_Stadium_(Champaign)
2009.0,"62,870",https://en.wikipedia.org/wiki/Memorial_Stadium_(Champaign)
2010.0,"62,870",https://en.wikipedia.org/wiki/Memorial_Stadium_(Champaign)
2002.0,"69,249",https://en.wikipedia.org/wiki/Memorial_Stadium_(Champaign)
2003.0,"69,249",https://en.wikipedia.org/wiki/Memorial_Stadium_(Champaign)
2004.0,"69,249",https://en.wikipedia.org/wiki/Memorial_Stadium_(Champaign)
2005.0,"69,249",https://en.wikipedia.org/wiki/Memorial_Stadium_(Champaign)
2006.0,"69,249",https://en.wikipedia.org/wiki/Memorial_Stadium_(Champaign)
1992.0,"70,904",https://en.wikipedia.org/wiki/Memorial_Stadium_(Champaign)
1993.0,"70,904",https://en.wikipedia.org/wiki/Memorial_Stadium_(Champaign)
1994.0,"70,904",https://en.wikipedia.org/wiki/Memorial_Stadium_(Champaign)
1995.0,"70,904",https://en.wikipedia.org/wiki/Memorial_Stadium_(Champaign)
1996.0,"70,904",https://en.wikipedia.org/wiki/Memorial_Stadium_(Champaign)
1997.0,"70,904",https://en.wikipedia.org/wiki/Memorial_Stadium_(Champaign)
1998.0,"70,904",https://en.wikipedia.org/wiki/Memorial_Stadium_(Champaign)
1999.0,"70,904",https://en.wikipedia.org/wiki/Memorial_Stadium_(Champaign)
2000.0,"70,904",https://en.wikipedia.org/wiki/Memorial_Stadium_(Champaign)
2001.0,"70,904",https://en.wikipedia.org/wiki/Memorial_Stadium_(Champaign)
1992.0,"81,473",https://en.wikipedia.org/wiki/Memorial_Stadium_(Clemson)
1993.0,"81,473",https://en.wikipedia.org/wiki/Memorial_Stadium_(Clemson)
1994.0,"81,473",https://en.wikipedia.org/wiki/Memorial_Stadium_(Clemson)
1995.0,"81,473",https://en.wikipedia.org/wiki/Memorial_Stadium_(Clemson)
1996.0,"81,473",https://en.wikipedia.org/wiki/Memorial_Stadium_(Clemson)
1997.0,"81,473",https://en.wikipedia.org/wiki/Memorial_Stadium_(Clemson)
1998.0,"81,473",https://en.wikipedia.org/wiki/Memorial_Stadium_(Clemson)
1999.0,"81,473",https://en.wikipedia.org/wiki/Memorial_Stadium_(Clemson)
2000.0,"81,473",https://en.wikipedia.org/wiki/Memorial_Stadium_(Clemson)
2001.0,"81,473",https://en.wikipedia.org/wiki/Memorial_Stadium_(Clemson)
2002.0,"81,473",https://en.wikipedia.org/wiki/Memorial_Stadium_(Clemson)
2003.0,"81,473",https://en.wikipedia.org/wiki/Memorial_Stadium_(Clemson)
2004.0,"81,473",https://en.wikipedia.org/wiki/Memorial_Stadium_(Clemson)
2005.0,"81,473",https://en.wikipedia.org/wiki/Memorial_Stadium_(Clemson)
2006.0,"81,473",https://en.wikipedia.org/wiki/Memorial_Stadium_(Clemson)
2007.0,"81,500",https://en.wikipedia.org/wiki/Memorial_Stadium_(Clemson)
2008.0,"81,500",https://en.wikipedia.org/wiki/Memorial_Stadium_(Clemson)
2009.0,"81,500",https://en.wikipedia.org/wiki/Memorial_Stadium_(Clemson)
2010.0,"81,500",https://en.wikipedia.org/wiki/Memorial_Stadium_(Clemson)
2011.0,"81,500",https://en.wikipedia.org/wiki/Memorial_Stadium_(Clemson)
2012.0,"81,500",https://en.wikipedia.org/wiki/Memorial_Stadium_(Clemson)
2013.0,"81,500",https://en.wikipedia.org/wiki/Memorial_Stadium_(Clemson)
2014.0,"81,500",https://en.wikipedia.org/wiki/Memorial_Stadium_(Clemson)
2015.0,"81,500",https://en.wikipedia.org/wiki/Memorial_Stadium_(Clemson)
2016.0,"81,500",https://en.wikipedia.org/wiki/Memorial_Stadium_(Clemson)
2017.0,"81,500",https://en.wikipedia.org/wiki/Memorial_Stadium_(Clemson)
2018.0,"81,500",https://en.wikipedia.org/wiki/Memorial_Stadium_(Clemson)
2019.0,"81,500",https://en.wikipedia.org/wiki/Memorial_Stadium_(Clemson)
2020.0,"81,500",https://en.wikipedia.org/wiki/Memorial_Stadium_(Clemson)
1992.0,"76,273",https://en.wikipedia.org/wiki/Mile_High_Stadium
1993.0,"76,273",https://en.wikipedia.org/wiki/Mile_High_Stadium
1994.0,"76,273",https://en.wikipedia.org/wiki/Mile_High_Stadium
1995.0,"76,273",https://en.wikipedia.org/wiki/Mile_High_Stadium
1996.0,"76,273",https://en.wikipedia.org/wiki/Mile_High_Stadium
1997.0,"76,273",https://en.wikipedia.org/wiki/Mile_High_Stadium
1998.0,"76,273",https://en.wikipedia.org/wiki/Mile_High_Stadium
1999.0,"76,273",https://en.wikipedia.org/wiki/Mile_High_Stadium
2000.0,"76,273",https://en.wikipedia.org/wiki/Mile_High_Stadium
2001.0,"76,273",https://en.wikipedia.org/wiki/Mile_High_Stadium
2002.0,"69,500",https://en.wikipedia.org/wiki/NRG_Stadium
2003.0,"71,054",https://en.wikipedia.org/wiki/NRG_Stadium
2004.0,"71,054",https://en.wikipedia.org/wiki/NRG_Stadium
2005.0,"71,054",https://en.wikipedia.org/wiki/NRG_Stadium
2006.0,"71,054",https://en.wikipedia.org/wiki/NRG_Stadium
2007.0,"71,054",https://en.wikipedia.org/wiki/NRG_Stadium
2008.0,"71,054",https://en.wikipedia.org/wiki/NRG_Stadium
2009.0,"71,054",https://en.wikipedia.org/wiki/NRG_Stadium
2010.0,"71,054",https://en.wikipedia.org/wiki/NRG_Stadium
2011.0,"71,054",https://en.wikipedia.org/wiki/NRG_Stadium
2012.0,"71,054",https://en.wikipedia.org/wiki/NRG_Stadium
2013.0,"71,054",https://en.wikipedia.org/wiki/NRG_Stadium
2014.0,"71,795",https://en.wikipedia.org/wiki/NRG_Stadium
2015.0,"71,795",https://en.wikipedia.org/wiki/NRG_Stadium
2016.0,"71,795",https://en.wikipedia.org/wiki/NRG_Stadium
2017.0,"71,795",https://en.wikipedia.org/wiki/NRG_Stadium
2018.0,"72,220",https://en.wikipedia.org/wiki/NRG_Stadium
2019.0,"72,220",https://en.wikipedia.org/wiki/NRG_Stadium
2020.0,"72,220",https://en.wikipedia.org/wiki/NRG_Stadium
1999.0,"67,700",https://en.wikipedia.org/wiki/Nissan_Stadium
2000.0,"68,498",https://en.wikipedia.org/wiki/Nissan_Stadium
2001.0,"68,798",https://en.wikipedia.org/wiki/Nissan_Stadium
2002.0,"68,804",https://en.wikipedia.org/wiki/Nissan_Stadium
2003.0,"68,809",https://en.wikipedia.org/wiki/Nissan_Stadium
2004.0,"68,932",https://en.wikipedia.org/wiki/Nissan_Stadium
2006.0,"69,143",https://en.wikipedia.org/wiki/Nissan_Stadium
2007.0,"69,143",https://en.wikipedia.org/wiki/Nissan_Stadium
2008.0,"69,143",https://en.wikipedia.org/wiki/Nissan_Stadium
2009.0,"69,143",https://en.wikipedia.org/wiki/Nissan_Stadium
2010.0,"69,143",https://en.wikipedia.org/wiki/Nissan_Stadium
2011.0,"69,143",https://en.wikipedia.org/wiki/Nissan_Stadium
2012.0,"69,143",https://en.wikipedia.org/wiki/Nissan_Stadium
2013.0,"69,143",https://en.wikipedia.org/wiki/Nissan_Stadium
2014.0,"69,143",https://en.wikipedia.org/wiki/Nissan_Stadium
2015.0,"69,143",https://en.wikipedia.org/wiki/Nissan_Stadium
2016.0,"69,143",https://en.wikipedia.org/wiki/Nissan_Stadium
2017.0,"69,143",https://en.wikipedia.org/wiki/Nissan_Stadium
2018.0,"69,143",https://en.wikipedia.org/wiki/Nissan_Stadium
2019.0,"69,143",https://en.wikipedia.org/wiki/Nissan_Stadium
2020.0,"69,143",https://en.wikipedia.org/wiki/Nissan_Stadium
2005.0,"69,149",https://en.wikipedia.org/wiki/Nissan_Stadium
2003.0,"55,506",https://en.wikipedia.org/wiki/RCA_Dome
2004.0,"55,506",https://en.wikipedia.org/wiki/RCA_Dome
2005.0,"55,506",https://en.wikipedia.org/wiki/RCA_Dome
2006.0,"55,531",https://en.wikipedia.org/wiki/RCA_Dome
2007.0,"55,531",https://en.wikipedia.org/wiki/RCA_Dome
1999.0,"56,127",https://en.wikipedia.org/wiki/RCA_Dome
2000.0,"56,127",https://en.wikipedia.org/wiki/RCA_Dome
2001.0,"56,127",https://en.wikipedia.org/wiki/RCA_Dome
2002.0,"56,127",https://en.wikipedia.org/wiki/RCA_Dome
1992.0,"60,129",https://en.wikipedia.org/wiki/RCA_Dome
1993.0,"60,129",https://en.wikipedia.org/wiki/RCA_Dome
1994.0,"60,129",https://en.wikipedia.org/wiki/RCA_Dome
1995.0,"60,129",https://en.wikipedia.org/wiki/RCA_Dome
1996.0,"60,272",https://en.wikipedia.org/wiki/RCA_Dome
1997.0,"60,272",https://en.wikipedia.org/wiki/RCA_Dome
1998.0,"60,567",https://en.wikipedia.org/wiki/RCA_Dome
2016.0,"65,618",https://en.wikipedia.org/wiki/Raymond_James_Stadium
2017.0,"65,618",https://en.wikipedia.org/wiki/Raymond_James_Stadium
2018.0,"65,618",https://en.wikipedia.org/wiki/Raymond_James_Stadium
2019.0,"65,618",https://en.wikipedia.org/wiki/Raymond_James_Stadium
2020.0,"65,618",https://en.wikipedia.org/wiki/Raymond_James_Stadium
2003.0,"61,500",https://en.wikipedia.org/wiki/Soldier_Field
1994.0,"66,944",https://en.wikipedia.org/wiki/Soldier_Field
2018.0,"53,599",https://en.wikipedia.org/wiki/Sun_Devil_Stadium
2019.0,"53,599",https://en.wikipedia.org/wiki/Sun_Devil_Stadium
2020.0,"53,599",https://en.wikipedia.org/wiki/Sun_Devil_Stadium
2016.0,"66,655",https://en.wikipedia.org/wiki/U.S._Bank_Stadium
2017.0,"66,655",https://en.wikipedia.org/wiki/U.S._Bank_Stadium
2018.0,"66,860",https://en.wikipedia.org/wiki/U.S._Bank_Stadium
2019.0,"66,860",https://en.wikipedia.org/wiki/U.S._Bank_Stadium
2020.0,"66,860",https://en.wikipedia.org/wiki/U.S._Bank_Stadium
